"location","visityear","mpbyear","BEETLEAREA150","BEETLEAREA300","BEETLEAREA500","SEVERITY150","DOMCLASS150","SEVERITY300","DOMCLASS300","SEVERITY500","DOMCLASS500","BURNAREA150","BURNAREA300","BURNAREA500","latitude","longitude","maxFY150m","meanFY150m","maxFY300m","meanFY300m","maxFY500m","meanFY500m","HARVESTAREA150","HARVESTAREA300","HARVESTAREA500","maxHY150m","meanHY150m","maxHY300m","meanHY300m","maxHY500m","meanHY500m","disturbance_year","treatment","TSD"
"MPB-B1-1",2023,2016,70653.54093,255174.8081,650293.561,2,2,2,2,2,2,64045.19475,193204.5207,437359.1061,53.168367,-118.036606,2022,2022,2022,2022,2022,2022,0,0,0,NA,NA,NA,NA,NA,NA,2022,"burn",1
"MPB-B1-10",2023,2016,51733.03101,177306.152,569698.7463,2,2,2,2,2,2,70653.54093,282614.1637,785039.3436,53.102538,-118.061879,2022,2022,2022,2022,2022,2022,0,0,0,NA,NA,NA,NA,NA,NA,2022,"burn",1
"MPB-B1-11",2023,2016,68423.9606,238241.5975,624458.9324,2,2,2,2,2,2,70653.54093,282614.1637,785039.3436,53.100036,-118.059144,2022,2022,2022,2022,2022,2022,0,0,0,NA,NA,NA,NA,NA,NA,2022,"burn",1
"MPB-B1-12",2023,2016,56272.68438,182216.0717,407341.1597,2,2,2,2,2,2,70653.54093,282614.1637,785039.3436,53.096546,-118.060372,2022,2022,2022,2022,2022,2022,0,0,0,NA,NA,NA,NA,NA,NA,2022,"burn",1
"MPB-B1-14",2023,2016,55415.19162,142441.416,214630.4978,2,2,2,2,2,2,70653.54093,282614.1637,780902.031,53.08415,-118.092109,2022,2022,2022,2022,2022,2021,0,0,0,NA,NA,NA,NA,NA,NA,2022,"burn",1
"MPB-B1-15",2023,2016,49970.95965,132610.3168,339750.2365,2,2,2,2,4,3,70653.54093,282614.1637,785039.3436,53.060699,-118.114078,2022,2022,2022,2022,2022,2022,0,0,0,NA,NA,NA,NA,NA,NA,2022,"burn",1
"MPB-B1-16",2023,2016,67606.54435,251098.9274,553460.6244,0,0,0,0,0,0,70653.54093,282614.1637,785039.3436,53.05830226,-118.1213429,2022,2022,2022,2022,2022,2022,0,0,0,NA,NA,NA,NA,NA,NA,2022,"burn",1
"MPB-B1-17",2023,2016,61109.67812,214715.0909,477318.743,2,2,2,2,3,2,70653.54093,282614.1637,785039.3436,53.04022,-118.136878,2022,2022,2022,2022,2022,2022,0,0,0,NA,NA,NA,NA,NA,NA,2022,"burn",1
"MPB-B1-18",2023,2016,67604.07959,251091.7053,553450.668,0,0,0,0,0,0,70653.54093,282614.1637,785039.3436,53.058302,-118.121343,2022,2022,2022,2022,2022,2022,0,0,0,NA,NA,NA,NA,NA,NA,2022,"burn",1
"MPB-B1-19",2023,2016,70197.71227,264851.4982,619229.1525,2,2,2,2,2,0,70653.54093,259469.0804,488960.103,53.028697,-118.104232,2022,2022,2022,2022,2022,2022,0,0,0,NA,NA,NA,NA,NA,NA,2022,"burn",1
"MPB-B1-20",2023,2016,65242.45496,263062.8251,685874.3037,2,2,2,2,2,2,60497.4086,206016.0752,531385.9697,53.026393,-118.106484,2022,2022,2022,2022,2022,2022,0,0,0,NA,NA,NA,NA,NA,NA,2022,"burn",1
"MPB-B1-21",2023,2016,9450.922506,81907.04085,258543.813,0,0,0,0,0,0,70653.54093,282278.0656,698475.2575,53.076598,-118.098008,2022,2022,2022,2022,2022,2022,0,0,0,NA,NA,NA,NA,NA,NA,2022,"burn",1
"MPB-B1-3",2023,2016,70653.54093,261006.2332,641889.1897,3,2,3,2,2,2,70653.54093,282614.1637,785039.3436,53.150976,-118.030968,2022,2022,2022,2022,2022,2022,0,0,0,NA,NA,NA,NA,NA,NA,2022,"burn",1
"MPB-B1-4",2023,2016,55187.1001,232423.9317,517365.5094,2,2,3,2,2,2,62846.92696,213058.5987,421215.4555,53.15801,-118.040903,2022,2022,2022,2022,2022,2021,0,0,0,NA,NA,NA,NA,NA,NA,2022,"burn",1
"MPB-B1-5",2023,2016,58889.69939,226784.4337,634249.9042,3,2,2,2,2,2,70653.54093,251748.3664,634317.026,53.151548,-118.041689,2022,2022,2022,2022,2022,2022,0,0,0,NA,NA,NA,NA,NA,NA,2022,"burn",1
"MPB-B1-6",2023,2016,69467.27812,260255.9719,652531.2486,2,2,2,2,2,2,70653.54093,282614.1637,785039.3436,53.125305,-118.037841,2022,2022,2022,2022,2022,2022,0,0,0,NA,NA,NA,NA,NA,NA,2022,"burn",1
"MPB-B1-7",2023,2016,66606.02546,248789.0778,652534.3435,2,2,2,2,2,2,70653.54093,282614.1637,785039.3436,53.1276,-118.042694,2022,2022,2022,2022,2022,2022,0,0,0,NA,NA,NA,NA,NA,NA,2022,"burn",1
"MPB-B1-8",2023,2016,54673.8837,164949.3294,536032.9765,0,0,2,2,2,2,70653.54093,282614.1637,785039.3436,53.121557,-118.042921,2022,2022,2022,2022,2022,2022,0,0,0,NA,NA,NA,NA,NA,NA,2022,"burn",1
"MPB-B1-9",2023,2016,70653.54093,282614.1637,692564.1088,2,2,2,2,2,2,70653.54093,282614.1637,785039.3436,53.11894,-118.035849,2022,2022,2022,2022,2022,2022,0,0,0,NA,NA,NA,NA,NA,NA,2022,"burn",1
"MPB-B2-35",2024,2016,70653.54093,257007.5975,587875.9687,2,2,2,2,2,2,70653.54093,258540.1067,565403.6978,53.024896,-118.112531,2022,2022,2022,2022,2022,2022,0,0,0,NA,NA,NA,NA,NA,NA,2022,"burn",2
"MPB-B2-36",2024,2016,70309.51247,256195.1111,699266.1637,2,2,2,2,2,2,70653.54093,229813.9447,547144.9346,53.024337,-118.124709,2022,2022,2022,2022,2022,2022,0,0,0,NA,NA,NA,NA,NA,NA,2022,"burn",2
"MPB-B2-37",2024,2016,70653.54073,280688.4708,664126.4957,2,3,2,3,2,3,70653.54093,246816.8865,654068.9636,53.027565,-118.12733,2022,2022,2022,2022,2022,2022,0,0,0,NA,NA,NA,NA,NA,NA,2022,"burn",2
"MPB-B2-39",2024,2016,70653.54012,248898.2918,554177.9019,3,3,3,3,3,3,70653.54093,280862.2222,732979.5214,53.032641,-118.127272,2022,2022,2022,2022,2022,2022,0,0,0,NA,NA,NA,NA,NA,NA,2022,"burn",2
"MPB-B2-40",2024,2016,1.9552292,23393.38799,104922.6198,0,0,0,0,0,0,70653.54093,282614.1637,785039.3436,53.042846,-118.127423,2022,2022,2022,2022,2022,2022,0,0,0,NA,NA,NA,NA,NA,NA,2022,"burn",2
"MPB-B2-41",2024,2016,7837.765655,80749.27033,301738.8546,0,0,0,0,0,0,70653.54093,282614.1637,784994.6533,53.048107,-118.126163,2022,2022,2022,2022,2022,2022,0,0,0,NA,NA,NA,NA,NA,NA,2022,"burn",2
"MPB-B2-42",2024,2016,0,34702.17217,201726.6463,0,0,0,0,0,0,70653.54093,282614.1637,785039.3436,53.054302,-118.118713,2022,2022,2022,2022,2022,2022,0,0,0,NA,NA,NA,NA,NA,NA,2022,"burn",2
"MPB-B2-43",2024,2016,2948.75896,58321.87749,222209.4021,0,0,0,0,0,0,70653.54093,282614.1637,773684.9597,53.057355,-118.11454,2022,2022,2022,2022,2022,2022,0,0,0,NA,NA,NA,NA,NA,NA,2022,"burn",2
"MPB-B2-44",2024,2016,0,2059.393283,86302.86641,0,0,2,2,2,2,70653.54093,282614.1637,759297.449,53.064658,-118.109007,2022,2022,2022,2022,2022,2022,0,0,0,NA,NA,NA,NA,NA,NA,2022,"burn",2
"MPB-B2-45",2024,2016,0,21517.63717,33830.77905,0,0,2,2,2,2,70653.54093,278882.4995,693923.7951,53.068973,-118.10359,2022,2022,2022,2022,2022,2022,0,0,0,NA,NA,NA,NA,NA,NA,2022,"burn",2
"MPB-B2-46",2024,2016,14731.80734,56486.09565,108890.1136,2,2,2,2,0,0,70653.54093,281859.6114,734231.4408,53.072353,-118.103118,2022,2022,2022,2022,2022,2022,0,0,0,NA,NA,NA,NA,NA,NA,2022,"burn",2
"MPB-B2-47",2024,2016,11005.4756,136932.804,354868.7166,0,0,2,0,2,2,70653.54093,282614.1637,776995.4401,53.080043,-118.096292,2022,2022,2022,2022,2022,2022,0,0,0,NA,NA,NA,NA,NA,NA,2022,"burn",2
"MPB-B2-48",2024,2016,6451.700772,38977.43975,127275.2196,0,0,0,0,2,2,70653.54093,282614.1637,782063.7667,53.081108,-118.088299,2022,2022,2022,2022,2022,2022,0,0,0,NA,NA,NA,NA,NA,NA,2022,"burn",2
"MPB-B2-49",2024,2016,0,0,37638.17171,0,0,0,0,2,2,70653.54093,282614.1637,785039.3436,53.083908,-118.083537,2022,2022,2022,2022,2022,2021,0,0,0,NA,NA,NA,NA,NA,NA,2022,"burn",2
"MPB-B2-50",2024,2016,70653.54093,280386.6261,655437.3759,2,2,2,2,2,2,70653.54093,282614.1637,785039.3436,53.121242,-118.032797,2022,2022,2022,2022,2022,2022,0,0,0,NA,NA,NA,NA,NA,NA,2022,"burn",2
"MPB-B2-53",2024,2016,63588.83047,210900.9999,519964.9048,3,2,3,2,3,2,70653.54093,282614.1637,764450.6241,53.13204,-118.027532,2022,2022,2022,2022,2022,2022,0,0,0,NA,NA,NA,NA,NA,NA,2022,"burn",2
"MPB-B2-54",2024,2016,70653.54093,256981.1889,491586.471,3,2,3,2,3,2,70653.54093,282614.1637,785039.3436,53.134624,-118.031087,2022,2022,2022,2022,2022,2022,0,0,0,NA,NA,NA,NA,NA,NA,2022,"burn",2
"MPB-B2-55",2024,2016,50963.48026,212500.8554,684778.2727,2,2,2,2,2,2,70653.54093,282614.1637,742813.1484,53.136057,-118.025637,2022,2022,2022,2022,2022,2022,0,0,0,NA,NA,NA,NA,NA,NA,2022,"burn",2
"MPB-B2-56",2024,2016,65457.8214,180908.3431,415334.2644,3,2,3,2,3,2,70653.54093,282614.1637,785039.3436,53.138251,-118.031862,2022,2022,2022,2022,2022,2022,0,0,0,NA,NA,NA,NA,NA,NA,2022,"burn",2
"MPB-B2-57",2024,2016,70601.94998,250556.7412,621046.6422,2,2,2,2,2,2,70653.54093,282614.1637,783963.2818,53.139147,-118.027136,2022,2022,2022,2022,2022,2022,0,0,0,NA,NA,NA,NA,NA,NA,2022,"burn",2
"MPB-B2-58",2024,2016,65858.82738,234467.3606,576745.5724,1,2,1,2,2,2,70653.54093,261300.9519,624661.1506,53.14407,-118.023671,2022,2022,2022,2022,2022,2022,0,0,0,NA,NA,NA,NA,NA,NA,2022,"burn",2
"MPB-B2-59",2024,2016,42325.48869,173322.5531,442917.1036,2,2,2,2,2,2,70653.54093,242429.1501,571907.777,53.148365,-118.023118,2022,2022,2022,2022,2022,2022,0,0,0,NA,NA,NA,NA,NA,NA,2022,"burn",2
"MPB-B5-918",2023,2016,0,0,0,0,0,0,0,0,0,70653.54093,276822.9149,685871.3249,52.867148,-117.80501,2015,2015,2015,2015,2015,2015,0,0,0,NA,NA,NA,NA,NA,NA,2016,"standing",7
"MPB-B5-919",2023,2016,0,0,0,0,0,0,0,0,0,70653.54093,279604.7905,639292.4319,52.865785,-117.801003,2015,2015,2015,2015,2015,2015,0,0,0,NA,NA,NA,NA,NA,NA,2016,"standing",7
"MPB-B5-920",2023,2016,0,0,0,0,0,0,0,0,0,70653.54093,259956.9151,612261.8772,52.864488,-117.796932,2015,2015,2015,2015,2015,2015,0,0,0,NA,NA,NA,NA,NA,NA,2016,"standing",7
"MPB-B5-921",2023,2016,0,0,0,0,0,0,0,0,0,58112.36693,190828.7697,482962.8889,52.864145,-117.792371,2015,2015,2015,2015,2015,2015,0,0,0,NA,NA,NA,NA,NA,NA,2016,"standing",7
"MPB-B5-968",2023,2016,0,0,155.5155808,0,0,0,0,2,0,70653.54093,282614.1637,719287.8623,52.87463,-117.80979,2015,2015,2015,2015,2015,2015,0,0,0,NA,NA,NA,NA,NA,NA,2016,"standing",7
"MPB-B5-969",2023,2016,0,6704.945072,25689.88944,0,0,2,0,2,0,70653.54093,259292.697,634617.2169,52.87594,-117.81389,2015,2015,2015,2015,2015,2015,0,0,0,NA,NA,NA,NA,NA,NA,2016,"standing",7
"MPB-B5-970",2023,2016,16626.28563,34354.12279,76892.06873,2,0,2,0,2,0,30124.75157,137965.9167,404821.6849,52.87847,-117.81519,2015,2015,2015,2015,2015,2015,0,0,0,NA,NA,NA,NA,NA,NA,2016,"standing",7
"MPB-B5-971",2023,2016,0,0,17.35604965,0,0,0,0,2,0,70653.54093,282614.1637,785039.3436,52.87304,-117.81349,2015,2015,2015,2015,2015,2015,0,0,0,NA,NA,NA,NA,NA,NA,2016,"standing",7
"MPB-H1-900",2023,2016,0,3197.491433,94920.87041,0,0,2,3,3,3,52793.19941,93053.73631,112286.0319,52.873876,-118.10962,2009,2006,2009,2006,2010,2006,41813.71437,153552.5524,400451.6536,2005,1999,2020,2003,2020,2006,2020,"harvest",3
"MPB-H1-904",2023,2016,3525.716451,42795.10457,111082.3153,3,3,3,3,3,3,0,238.7395435,3119.759246,52.878374,-118.115179,NA,NA,NA,NA,1993,1982,69765.70565,191455.2711,322525.926,2019,2019,2019,2019,2019,2017,2019,"harvest",4
"MPB-H1-905",2023,2016,0,4895.19871,72343.06018,0,0,3,3,3,3,293.6028423,999.3410792,1998.677982,52.879937,-118.118921,NA,NA,1993,1993,1993,1981,61727.18017,187676.8852,315785.8592,2019,2019,2019,2019,2019,2018,2019,"harvest",4
"MPB-H1-906",2023,2016,7083.535308,51950.90497,181297.9644,3,3,3,3,3,3,0,999.3410792,999.3410792,52.880072,-118.123093,NA,NA,1993,1993,1993,1993,60771.81857,123076.841,242930.3674,2019,2019,2019,2019,2019,2017,2019,"harvest",4
"MPB-H1-954",2023,2016,0,0,22654.7164,0,0,0,0,3,3,0,0,0,52.87148,-118.13196,NA,NA,NA,NA,NA,NA,70653.54093,258216.4677,513132.1277,2019,2019,2019,2018,2019,2017,2019,"harvest",4
"MPB-H1-955",2023,2016,0,0,22231.25146,0,0,0,0,3,3,0,0,0,52.87147,-118.13196,NA,NA,NA,NA,NA,NA,70653.54093,258092.3735,512740.8132,2019,2019,2019,2018,2019,2017,2019,"harvest",4
"MPB-H1-956",2023,2016,0,0,0,0,0,0,0,0,0,0,999.3404572,1998.679684,52.86986,-118.1258,NA,NA,1995,1995,1998,1996,69560.95183,195564.0575,571303.2217,2019,2019,2019,2016,2019,2015,2019,"harvest",4
"MPB-H13-21",2024,2016,0,0,0,0,0,0,0,0,0,0,0,3571.081328,52.869903,-118.120698,NA,NA,NA,NA,2000,1998,48309.18202,186137.6185,545551.854,2019,2011,2019,2012,2019,2013,2019,"harvest",5
"MPB-H13-22",2024,2016,0,0,14346.13297,0,0,0,0,3,3,0,864.9170003,22700.71954,52.871708,-118.117292,NA,NA,2000,2000,2009,2006,63267.07448,200439.0297,457247.8466,2009,2008,2020,2008,2020,2008,2020,"harvest",4
"MPB-H15-23",2024,2016,0,0,20443.34738,0,0,0,0,3,3,0,0,0,52.872952,-118.121615,NA,NA,NA,NA,NA,NA,68257.09174,224879.2919,545616.9818,2008,2008,2019,2008,2019,2010,2019,"harvest",5
"MPB-H15-24",2024,2016,0,0,39094.03424,0,0,0,0,3,3,0,0,0,52.872819,-118.127208,NA,NA,NA,NA,NA,NA,59934.35991,234662.8214,583965.2319,2019,2008,2019,2013,2019,2014,2019,"harvest",5
"MPB-H15-25",2024,2016,8147.381337,28531.08598,93265.11842,3,3,3,3,3,3,0,0,0,52.875609,-118.126941,NA,NA,NA,NA,NA,NA,54662.26524,129801.7439,348976.4011,2011,2008,2019,2009,2019,2011,2019,"harvest",5
"MPB-H16-09",2024,2016,34468.50188,141278.9805,390733.846,3,3,3,3,2,3,0,0,1998.674905,52.873485,-118.055814,NA,NA,NA,NA,1963,1952,70653.54093,243917.2619,486865.0524,2008,2008,2008,2008,2019,2008,2019,"harvest",5
"MPB-H16-10",2024,2016,70653.54093,222412.0964,443870.0587,3,3,3,3,3,3,0,0,1212.650832,52.875571,-118.052234,NA,NA,NA,NA,2007,2007,70653.54093,210743.0788,414929.2445,2008,2008,2008,2008,2021,2008,2021,"harvest",3
"MPB-H16-14",2024,2016,91.68443695,54239.10522,229640.8027,3,3,3,3,3,3,0,0,1691.235987,52.872808,-118.051757,NA,NA,NA,NA,1989,1965,61375.74715,151881.9223,318821.8998,2008,2008,2008,2008,2008,2008,2016,"standing",8
"MPB-H19-31",2024,2016,39217.65768,136195.6113,246626.1238,3,3,3,3,3,3,1443.030021,24277.38199,77790.88596,52.887938,-118.088702,1988,1988,2006,2001,2016,2002,69617.52118,255770.4721,621720.9789,2005,2004,2019,2005,2022,2008,2022,"harvest",2
"MPB-H3-01",2024,2016,68828.77227,243423.8372,687210.6126,3,3,3,3,3,3,0,0,0,52.907133,-118.012417,NA,NA,NA,NA,NA,NA,36044.18017,75586.77751,123396.1101,2021,2021,2021,2021,2021,2021,2021,"harvest",3
"MPB-H5-17",2024,2016,0,0,0,0,0,0,0,0,0,0,1832.806445,3997.357197,52.866926,-118.12178,NA,NA,1998,1996,2002,1982,61741.80583,209261.2282,522809.3103,2019,2019,2019,2018,2019,2017,2019,"harvest",5
"MPB-H5-18",2024,2016,0,0,0,0,0,0,0,0,0,1752.818396,1998.679684,2998.016832,52.8668,-118.12659,1995,1995,1998,1996,1998,1977,52735.69105,166636.9523,475993.6542,2019,2018,2019,2018,2019,2018,2019,"harvest",5
"MPB-H5-19",2024,2016,0,0,0,0,0,0,0,0,0,115.5928668,999.337148,2998.016832,52.864105,-118.128273,1959,1959,1959,1959,1998,1977,49022.27558,134820.4249,264903.8002,2019,2019,2019,2019,2019,2018,2019,"harvest",5
"MPB-H5-20",2024,2016,0,2863.989189,113999.34,0,0,3,3,3,3,0,0,0,52.872615,-118.137165,NA,NA,NA,NA,NA,NA,70653.54093,247553.3512,379526.075,2019,2019,2019,2019,2019,2019,2019,"harvest",5
"MPB-H5-26",2024,2016,0,0,1552.033923,0,0,0,0,3,3,0,1993.202571,84172.86325,52.884307,-118.097333,NA,NA,2004,2004,2013,2008,70653.54093,255238.907,541375.103,2019,2019,2019,2017,2019,2013,2019,"harvest",5
"MPB-H5-27",2024,2016,0,0,0,0,0,0,0,0,0,0,0,7902.215123,52.884663,-118.102121,NA,NA,NA,NA,2013,2013,70653.54093,237528.0353,514645.9771,2019,2019,2019,2019,2019,2018,2019,"harvest",5
"MPB-H5-28",2024,2016,0,0,1532.439983,0,0,0,0,3,3,0,0,327.6123962,52.8862,-118.107265,NA,NA,NA,NA,NA,NA,70653.54093,247248.6094,462359.2436,2019,2019,2019,2019,2019,2019,2019,"harvest",5
"MPB-H5-29",2024,2016,0,5386.760149,122144.2841,0,0,3,3,3,3,0,0,0,52.888726,-118.113657,NA,NA,NA,NA,NA,NA,60598.13914,181897.5963,390673.384,2019,2019,2019,2019,2019,2019,2019,"harvest",5
"MPB-H5-30",2024,2016,20956.79037,121499.4512,236300.5637,3,3,3,3,3,3,0,0,0,52.892833,-118.109437,NA,NA,NA,NA,NA,NA,59362.94083,104309.1769,205419.3964,2019,2019,2019,2019,2019,2019,2019,"harvest",5
"MPB-H5-32",2024,2016,0,0,33452.73371,0,0,0,0,3,3,0,0,13.94691404,52.898199,-118.104949,NA,NA,NA,NA,NA,NA,68591.06662,196151.3504,289462.0717,2019,2019,2019,2018,2019,2017,2019,"harvest",5
"MPB-H5-33",2024,2016,0,49672.08562,195356.248,0,0,3,3,3,3,0,994.9299519,1060.464862,52.898548,-118.109698,NA,NA,2016,2016,2016,2016,69988.28993,140069.5061,224013.8558,2019,2019,2019,2019,2019,2019,2019,"harvest",5
"MPB-H5-34",2024,2016,0,8198.487969,154149.4491,0,0,3,3,3,3,0,99.559601,99.559601,52.899597,-118.091687,NA,NA,NA,NA,NA,NA,70653.54093,203854.4771,268276.0326,2019,2019,2019,2019,2019,2018,2019,"harvest",5
"MPB-S10-952",2023,2016,0,0,21.30732819,0,0,0,0,3,3,0,0,314.171233,52.87136,-118.12115,NA,NA,NA,NA,NA,NA,57597.04949,240627.9035,534010.2173,2019,2009,2019,2010,2019,2011,2019,"harvest",4
"MPB-S5-1",2023,2016,62143.54374,253204.8245,729963.4668,2,2,4,3,4,3,0,0,0,52.90903,-117.966253,NA,NA,NA,NA,NA,NA,0,0,0,NA,NA,NA,NA,NA,NA,2016,"standing",7
"MPB-S5-10",2023,2016,70653.54093,269692.9726,710650.632,3,2,3,2,3,2,0,0,0,52.886063,-117.991068,NA,NA,NA,NA,NA,NA,0,0,0,NA,NA,NA,NA,NA,NA,2016,"standing",7
"MPB-S5-11",2023,2016,70653.54093,282241.9986,647133.3778,4,3,4,3,4,3,0,0,0,52.921097,-117.988848,NA,NA,NA,NA,NA,NA,0,0,0,NA,NA,NA,NA,NA,NA,2016,"standing",7
"MPB-S5-12",2023,2016,63255.757,202089.4169,509028.4033,2,3,3,3,3,3,0,0,12140.45123,52.953009,-118.05529,NA,NA,NA,NA,2022,2022,0,0,0,NA,NA,NA,NA,NA,NA,2022,"burn",1
"MPB-S5-14",2023,2016,66523.77772,200468.2445,389890.8281,3,3,3,3,3,3,0,1998.678296,1998.678296,52.92049,-118.065347,NA,NA,2003,1977,2003,1977,0,0,0,NA,NA,NA,NA,NA,NA,2016,"standing",7
"MPB-S5-15",2023,2016,63405.63932,242409.7789,655861.0241,3,3,3,3,3,3,0,0,0,52.90713,-118.01716,NA,NA,NA,NA,NA,NA,0,11918.30002,83829.63168,NA,NA,2021,2021,2021,2021,2021,"harvest",2
"MPB-S5-16",2023,2016,52179.97259,169007.2228,444296.4629,3,3,3,3,3,3,0,0,2098.237396,52.889347,-118.044129,NA,NA,NA,NA,1952,1952,14036.93962,83514.33339,228828.7288,2020,2020,2020,2014,2020,2011,2020,"harvest",3
"MPB-S5-17",2023,2016,70653.54093,278637.0471,642933.5945,3,2,3,2,3,2,70653.54093,212557.5969,433436.3604,53.159663,-118.057305,2022,2022,2022,2022,2022,2022,0,0,0,NA,NA,NA,NA,NA,NA,2022,"burn",1
"MPB-S5-2",2023,2016,70653.54093,282614.1637,785039.3321,2,2,4,3,4,3,0,0,0,52.914677,-117.936873,NA,NA,NA,NA,NA,NA,0,0,0,NA,NA,NA,NA,NA,NA,2016,"standing",7
"MPB-S5-3",2023,2016,70653.54093,282614.1637,785039.3268,4,2,4,2,2,2,0,0,0,52.913615,-117.925577,NA,NA,NA,NA,NA,NA,0,0,0,NA,NA,NA,NA,NA,NA,2016,"standing",7
"MPB-S5-4",2023,2016,50697.69757,220850.9631,599293.8806,4,3,4,3,4,3,0,0,999.3355708,52.734364,-117.962727,NA,NA,NA,NA,NA,NA,0,0,0,NA,NA,NA,NA,NA,NA,2016,"standing",7
"MPB-S5-400",2024,2016,0,0,0,0,0,0,0,0,0,0,0,0,52.562614,-117.692532,NA,NA,NA,NA,NA,NA,0,0,0,NA,NA,NA,NA,NA,NA,2016,"standing",8
"MPB-S5-401",2024,2016,0,0,0,0,0,0,0,0,0,0,0,0,52.564206,-117.696557,NA,NA,NA,NA,NA,NA,0,0,0,NA,NA,NA,NA,NA,NA,2016,"standing",8
"MPB-S5-402",2024,2016,0,0,0,0,0,0,0,0,0,0,0,0,52.556989,-117.683609,NA,NA,NA,NA,NA,NA,0,0,0,NA,NA,NA,NA,NA,NA,2016,"standing",8
"MPB-S5-5",2023,2016,70653.54093,282614.1637,785039.3436,4,2,4,2,1,2,0,0,0,52.912808,-117.994266,NA,NA,NA,NA,NA,NA,0,0,0,NA,NA,NA,NA,NA,NA,2016,"standing",7
"MPB-S5-500",2024,2016,0,0,0,0,0,0,0,0,0,0,0,0,52.554485,-117.687167,NA,NA,NA,NA,NA,NA,0,0,0,NA,NA,NA,NA,NA,NA,2016,"standing",8
"MPB-S5-502",2024,2016,0,0,0,0,0,0,0,0,0,0,0,0,52.551648,-117.684798,NA,NA,NA,NA,NA,NA,0,0,0,NA,NA,NA,NA,NA,NA,2016,"standing",8
"MPB-S5-503",2024,2016,0,0,0,0,0,0,0,0,0,0,0,0,52.5314385,-117.641873,NA,NA,NA,NA,NA,NA,0,0,0,NA,NA,NA,NA,NA,NA,2016,"standing",8
"MPB-S5-504",2024,2016,0,0,0,0,0,0,0,0,0,0,0,0,52.528565,-117.63996,NA,NA,NA,NA,NA,NA,0,0,0,NA,NA,NA,NA,NA,NA,2016,"standing",8
"MPB-S5-505",2024,2016,0,0,0,0,0,0,0,0,0,0,0,0,52.5258,-117.64156,NA,NA,NA,NA,NA,NA,0,0,0,NA,NA,NA,NA,NA,NA,2016,"standing",8
"MPB-S5-506",2024,2016,0,0,0,0,0,0,0,0,0,0,0,0,52.5230795,-117.6435045,NA,NA,NA,NA,NA,NA,0,0,0,NA,NA,NA,NA,NA,NA,2016,"standing",8
"MPB-S5-507",2024,2016,0,0,0,0,0,0,0,0,0,0,0,0,52.5210325,-117.648259,NA,NA,NA,NA,NA,NA,0,0,0,NA,NA,NA,NA,NA,NA,2016,"standing",8
"MPB-S5-508",2024,2016,0,0,0,0,0,0,0,0,0,0,0,0,52.5185065,-117.64965,NA,NA,NA,NA,NA,NA,0,0,0,NA,NA,NA,NA,NA,NA,2016,"standing",8
"MPB-S5-509",2024,2016,0,0,0,0,0,0,0,0,0,0,0,0,52.515412,-117.6484215,NA,NA,NA,NA,NA,NA,0,0,0,NA,NA,NA,NA,NA,NA,2016,"standing",8
"MPB-S5-510",2024,2016,0,0,0,0,0,0,0,0,0,0,0,0,52.5126415,-117.65025,NA,NA,NA,NA,NA,NA,0,0,0,NA,NA,NA,NA,NA,NA,2016,"standing",8
"MPB-S5-511",2024,2016,0,0,0,0,0,0,0,0,0,0,0,11.64479996,52.5092235,-117.6483415,NA,NA,NA,NA,NA,NA,0,0,0,NA,NA,NA,NA,NA,NA,2016,"standing",8
"MPB-S5-512",2024,2016,0,0,0,0,0,0,0,0,0,0,0,0,52.5058415,-117.647032,NA,NA,NA,NA,NA,NA,0,0,0,NA,NA,NA,NA,NA,NA,2016,"standing",8
"MPB-S5-6",2023,2016,70653.54093,282517.6179,748174.5934,4,3,4,3,4,3,0,0,0,52.910438,-117.938581,NA,NA,NA,NA,NA,NA,0,0,0,NA,NA,NA,NA,NA,NA,2016,"standing",7
"MPB-S5-7",2023,2016,70653.54093,282614.1637,784579.4439,4,2,4,2,4,2,0,0,0,52.90805,-117.990306,NA,NA,NA,NA,NA,NA,0,0,0,NA,NA,NA,NA,NA,NA,2016,"standing",7
"MPB-S5-8",2023,2016,70653.54093,282614.1637,752044.751,4,3,4,3,4,3,0,0,0,52.906988,-117.925733,NA,NA,NA,NA,NA,NA,0,0,0,NA,NA,NA,NA,NA,NA,2016,"standing",7
"MPB-S5-9",2023,2016,70183.01879,264995.1756,734621.0547,3,2,3,2,3,2,0,0,0,52.889893,-117.997487,NA,NA,NA,NA,NA,NA,0,0,0,NA,NA,NA,NA,NA,NA,2016,"standing",7
"MPB-S5-901",2023,2016,0,15649.39709,51326.18468,0,0,3,3,3,3,0,71.12469246,22952.15947,52.87371,-118.11764,NA,NA,NA,NA,2009,2006,54183.26156,165808.7363,480101.2293,2009,2008,2009,2008,2020,2009,2020,"harvest",3
"MPB-S5-902",2023,2016,17114.52573,44089.72514,83893.95036,3,3,3,3,3,3,0,999.3369838,6024.72396,52.87611,-118.117439,NA,NA,NA,NA,2009,2005,23242.71639,153341.1484,467620.9908,2019,2018,2019,2014,2019,2013,2019,"harvest",4
"MPB-S5-903",2023,2016,17114.52573,44089.72514,83893.95036,3,3,3,3,3,3,0,999.3369838,6024.72396,52.87611,-118.117439,NA,NA,NA,NA,2009,2005,23242.71639,153341.1484,467620.9908,2019,2018,2019,2014,2019,2013,2019,"harvest",4
"MPB-S5-907",2023,2016,0,0,0,0,0,0,0,0,0,0,0,1009.283719,52.773467,-118.000035,NA,NA,NA,NA,1959,1959,0,83.06556043,56403.71919,NA,NA,NA,NA,2021,2021,2021,"harvest",2
"MPB-S5-908",2023,2016,0,0,0,0,0,0,0,0,0,0,0,0,52.772869,-117.994963,NA,NA,NA,NA,NA,NA,0,0,42978.24805,NA,NA,NA,NA,2021,2021,2021,"harvest",2
"MPB-S5-909",2023,2016,70653.54093,242708.0047,556339.5622,4,3,4,3,4,3,0,0,0,52.750854,-117.960557,NA,NA,NA,NA,NA,NA,0,0,0,NA,NA,NA,NA,NA,NA,2016,"standing",7
"MPB-S5-910",2023,2016,70653.54093,282614.1637,692761.2519,4,3,4,3,4,3,0,0,0,52.747953,-117.95759,NA,NA,NA,NA,NA,NA,0,0,0,NA,NA,NA,NA,NA,NA,2016,"standing",7
"MPB-S5-911",2023,2016,70653.54093,282614.1637,764327.7739,4,3,4,3,4,3,0,0,0,52.745082,-117.955418,NA,NA,NA,NA,NA,NA,0,0,0,NA,NA,NA,NA,NA,NA,2016,"standing",7
"MPB-S5-912",2023,2016,70526.24599,226504.068,574250.7431,4,3,4,3,4,3,0,0,0,52.677109,-117.887913,NA,NA,NA,NA,NA,NA,0,0,0,NA,NA,NA,NA,NA,NA,2016,"standing",7
"MPB-S5-913",2023,2016,70653.54093,277678.8471,748186.4124,4,3,4,3,4,3,0,0,0,52.713564,-117.934872,NA,NA,NA,NA,NA,NA,0,0,0,NA,NA,NA,NA,NA,NA,2016,"standing",7
"MPB-S5-914",2023,2016,70653.54093,282614.1637,785039.3392,3,3,3,3,3,3,0,0,0,52.909893,-118.002617,NA,NA,NA,NA,NA,NA,0,0,27516.44014,NA,NA,NA,NA,2021,2021,2021,"harvest",2
"MPB-S5-915",2023,2016,70653.54093,282614.1637,780059.1554,3,3,3,3,3,3,0,0,0,52.908244,-118.007666,NA,NA,NA,NA,NA,NA,3195.168989,65388.27726,126366.8577,2021,2021,2021,2021,2021,2021,2021,"harvest",2
"MPB-S5-916",2023,2016,70653.54093,282614.1637,766009.2752,4,3,4,3,4,3,0,0,0,52.912723,-117.959579,NA,NA,NA,NA,NA,NA,0,0,0,NA,NA,NA,NA,NA,NA,2016,"standing",7
"MPB-S5-917",2023,2016,70653.54093,282614.1637,759770.6234,4,3,4,3,4,3,0,0,0,52.911405,-117.954957,NA,NA,NA,NA,NA,NA,0,0,0,NA,NA,NA,NA,NA,NA,2016,"standing",7
"MPB-S5-951",2023,2016,0,0,0,0,0,0,0,0,0,0,0,1994.93725,52.85765,-118.08764,NA,NA,NA,NA,2009,2009,24385.30605,125313.798,319505.8876,2006,2006,2006,2006,2019,2006,2019,"harvest",4
"MPB-S5-953",2023,2016,0,0,36430.28383,0,0,0,0,3,3,0,0,0,52.87371,-118.12403,NA,NA,NA,NA,NA,NA,44576.31309,225152.5713,535157.1705,2011,2008,2019,2008,2019,2011,2019,"harvest",4
"MPB-S5-957",2023,2016,0,0,0,0,0,0,0,0,0,0,0,0,52.77788,-118.00702,NA,NA,NA,NA,NA,NA,0,0,0,NA,NA,NA,NA,NA,NA,2016,"standing",7
"MPB-S5-958",2023,2016,0,0,0,0,0,0,0,0,0,0,0,0,52.78056,-118.01013,NA,NA,NA,NA,NA,NA,0,0,0,NA,NA,NA,NA,NA,NA,2016,"standing",7
"MPB-S5-959",2023,2016,70653.54093,231007.312,512579.1346,4,3,4,3,4,3,0,0,999.3361962,52.74751,-117.96844,NA,NA,NA,NA,1965,1965,0,0,0,NA,NA,NA,NA,NA,NA,2016,"standing",7
"MPB-S5-960",2023,2016,70653.54093,282614.1637,716640.1794,4,3,4,3,4,3,0,0,0,52.74179,-117.95336,NA,NA,NA,NA,NA,NA,0,0,0,NA,NA,NA,NA,NA,NA,2016,"standing",7
"MPB-S5-961",2023,2016,70653.54093,282614.1637,755071.7109,4,3,4,3,4,3,0,0,999.3358233,52.74052,-117.94711,NA,NA,NA,NA,1964,1964,0,0,0,NA,NA,NA,NA,NA,NA,2016,"standing",7
"MPB-S5-962",2023,2016,44264.38349,209946.4363,561623.1694,4,3,4,3,4,3,0,0,0,52.67413,-117.88646,NA,NA,NA,NA,NA,NA,0,0,0,NA,NA,NA,NA,NA,NA,2016,"standing",7
"MPB-S5-963",2023,2016,70653.54093,282614.1637,745557.2908,4,3,4,3,4,3,0,0,0,52.71862,-117.93422,NA,NA,NA,NA,NA,NA,0,0,0,NA,NA,NA,NA,NA,NA,2016,"standing",7
"MPB-S5-964",2023,2016,70653.54093,282614.1637,785039.3392,1,2,1,2,1,2,0,0,0,52.91178,-117.99901,NA,NA,NA,NA,NA,NA,0,0,0,NA,NA,NA,NA,NA,NA,2016,"standing",7
"MPB-S5-965",2023,2016,48578.5438,231777.2191,677971.9851,1,2,1,2,1,2,0,0,0,52.91463,-118.00852,NA,NA,NA,NA,NA,NA,0,0,10025.49057,NA,NA,NA,NA,2021,2021,2021,"harvest",2
"MPB-S5-966",2023,2016,70653.54093,259090.35,672289.9783,4,3,4,3,4,3,0,0,0,52.90985,-117.95081,NA,NA,NA,NA,NA,NA,0,0,0,NA,NA,NA,NA,NA,NA,2016,"standing",7
"MPB-S5-967",2023,2016,40221.89531,176220.3906,590306.2265,2,2,4,3,4,3,0,0,0,52.9087,-117.94647,NA,NA,NA,NA,NA,NA,0,0,0,NA,NA,NA,NA,NA,NA,2016,"standing",7
"MPB-S5-991",2024,2016,0,0,0,0,0,0,0,0,0,0,0,0,52.556963,-117.695147,NA,NA,NA,NA,NA,NA,0,0,0,NA,NA,NA,NA,NA,NA,2016,"standing",8
"MPB-S5-992",2024,2016,0,0,0,0,0,0,0,0,0,0,0,0,52.5589425,-117.699942,NA,NA,NA,NA,NA,NA,0,0,0,NA,NA,NA,NA,NA,NA,2016,"standing",8
